{
  "pools": [
    {
      "rolls": 1,
      "entries": [
        {
          "type": "item",
          "name": "minecraft:prismarine_shard",
          "weight": 1,
          "functions": [
            {
              "function": "set_count",
              "count": {
                "min": 0,
                "max": 2
              }
            },
            {
              "function": "looting_enchant",
              "count": {
                "min": 0,
                "max": 1
              }
            }
          ]
        }
      ]
    },
    {
      "rolls": 1,
      "entries": [
        {
          "type": "item",
          "name": "minecraft:cod",
          "weight": 3,
          "functions": [
            {
              "function": "looting_enchant",
              "count": {
                "min": 0,
                "max": 1
              }
            },
            {
              "function": "furnace_smelt",
              "conditions": [
                {
                  "condition": "entity_properties",
                  "entity": "this",
                  "properties": {
                    "on_fire": true
                  }
                }
              ]
            }
          ]
        },
        {
          "type": "item",
          "name": "minecraft:prismarine_crystals",
          "weight": 2,
          "functions": [
            {
              "function": "looting_enchant",
              "count": {
                "min": 0,
                "max": 1
              }
            }
          ]
        },
        {
          "type": "empty",
          "weight": 1
        }
      ]
    },
    {
      "rolls": 1,
      "entries": [
        {
          "type": "item",
          "name": "minecraft:sponge",
          "weight": 1,
          "functions": [

          ]
        }
      ],
      "conditions": [
        {
          "condition": "killed_by_player"
        }
      ]
    },
    {
      "conditions": [
        {
          "condition": "killed_by_player"
        },
        {
          "condition": "random_chance_with_looting",
          "chance": 0.09,
          "looting_multiplier": 0.2
        }
      ],
      "rolls": 1,
      "entries": [
        {
          "type": "loot_table",
          "name": "minecraft:gameplay/fishing/fish",
          "weight": 1
        }
      ]
    },
    {
      "conditions": [
        {
          "condition": "killed_by_player"
        },
        {
          "condition": "random_chance_with_looting",
          "chance": 0.09,
          "looting_multiplier": 0.2
        }
      ],
      "rolls": 1,
      "entries": [
        {
          "type": "item",
          "name": "minecraft:player_head",
          "weight": 1,
          "functions": [
            {
              "function": "set_nbt",
              "tag": "{SkullOwner:{Id:\"f2e933a7-614f-44e0-bf18-289b102104ab\",Name:\"Elder Guardian\",Properties:{textures:[{Value:\"eyJ0ZXh0dXJlcyI6eyJTS0lOIjp7InVybCI6Imh0dHA6Ly90ZXh0dXJlcy5taW5lY3JhZnQubmV0L3RleHR1cmUvMWM3OTc0ODJhMTRiZmNiODc3MjU3Y2IyY2ZmMWI2ZTZhOGI4NDEzMzM2ZmZiNGMyOWE2MTM5Mjc4YjQzNmIifX19\"}]}}}"
            }
          ]
        }
      ]
    }
  ]
}