{
  "pools": [
    {
      "conditions": [
        {
          "condition": "killed_by_player"
        }
      ],
      "rolls": 1,
      "entries": [
        {
          "type": "item",
          "name": "minecraft:player_head",
          "weight": 1,
          "functions": [
            {
              "function": "set_nbt",
              "tag": "{SkullOwner:{Id:\"0bd02c77-cd3f-4bf4-9d02-89cd7f58e06c\",Name:\"Cyan Parrot\",Properties:{textures:[{Value:\"eyJ0ZXh0dXJlcyI6eyJTS0lOIjp7InVybCI6Imh0dHA6Ly90ZXh0dXJlcy5taW5lY3JhZnQubmV0L3RleHR1cmUvMmI5NGYyMzZjNGE2NDJlYjJiY2RjMzU4OWI5YzNjNGEwYjViZDVkZjljZDVkNjhmMzdmOGM4M2Y4ZTNmMSJ9fX0=\"}]}}}"
            }
          ]
        }
      ]
    }
  ]
}