{
  "pools": [
    {
      "conditions": [
        {
          "condition": "killed_by_player"
        }
      ],
      "rolls": 1,
      "entries": [
        {
          "type": "item",
          "name": "minecraft:player_head",
          "weight": 1,
          "functions": [
            {
              "function": "set_nbt",
              "tag": "{SkullOwner:{Id:\"d890586d-3e18-41fc-a93d-9040dc25409b\",Name:\"Red Parrot\",Properties:{textures:[{Value:\"eyJ0ZXh0dXJlcyI6eyJTS0lOIjp7InVybCI6Imh0dHA6Ly90ZXh0dXJlcy5taW5lY3JhZnQubmV0L3RleHR1cmUvYTRiYThkNjZmZWNiMTk5MmU5NGI4Njg3ZDZhYjRhNTMyMGFiNzU5NGFjMTk0YTI2MTVlZDRkZjgxOGVkYmMzIn19fQ==\"}]}}}"
            }
          ]
        }
      ]
    }
  ]
}