{
  "pools": [
    {
      "rolls": 1,
      "entries": [
        {
          "type": "item",
          "name": "minecraft:rotten_flesh",
          "weight": 1,
          "functions": [
            {
              "function": "set_count",
              "count": {
                "min": 0,
                "max": 2
              }
            },
            {
              "function": "looting_enchant",
              "count": {
                "min": 0,
                "max": 1
              }
            }
          ]
        }
      ]
    },
    {
      "conditions": [
        {
          "condition": "killed_by_player"
        },
        {
          "condition": "random_chance_with_looting",
          "chance": 0.01,
          "looting_multiplier": 0.013
        }
      ],
      "rolls": 1,
      "entries": [
        {
          "type": "item",
          "name": "minecraft:iron_ingot",
          "weight": 1
        },
        {
          "type": "item",
          "name": "minecraft:carrot",
          "weight": 1
        },
        {
          "type": "item",
          "name": "minecraft:potato",
          "weight": 1
        }
      ]
    },
    {
      "conditions": [
        {
          "condition": "killed_by_player"
        },
        {
          "condition": "random_chance_with_looting",
          "chance": 0.01,
          "looting_multiplier": 0.013
        }
      ],
      "rolls": 1,
      "entries": [
        {
          "type": "item",
          "name": "minecraft:player_head",
          "weight": 1,
          "functions": [
            {
              "function": "set_nbt",
              "tag": "{SkullOwner:{Id:\"1c067ee0-f090-4f79-89f1-51b87eafa257\",Name:\"Zombie Farmer\",Properties:{textures:[{Value:\"eyJ0ZXh0dXJlcyI6eyJTS0lOIjp7InVybCI6Imh0dHA6Ly90ZXh0dXJlcy5taW5lY3JhZnQubmV0L3RleHR1cmUvY2ZmMDQ4MmZkMzJmYWIyY2U5ZjVmYTJlMmQ5YjRkYzc1NjFkYTQyMjE1MmM5OWZjODA0YjkxMzljYWYyNTZiIn19fQ==\"}]}}}"
            }
          ]
        }
      ]
    }
  ]
}