{
  "pools": [
    {
      "rolls": 1,
      "entries": [
        {
          "type": "item",
          "name": "minecraft:cod",
          "weight": 1,
          "functions": [
            {
              "function": "set_count",
              "count": {
                "min": 0,
                "max": 1
              }
            },
            {
              "function": "looting_enchant",
              "count": {
                "min": 0,
                "max": 1
              }
            },
            {
              "function": "furnace_smelt",
              "conditions": [
                {
                  "condition": "entity_properties",
                  "entity": "this",
                  "properties": {
                    "on_fire": true
                  }
                }
              ]
            }
          ]
        }
      ]
    },
    {
      "conditions": [
        {
          "condition": "killed_by_player"
        }
      ],
      "rolls": 1,
      "entries": [
        {
          "type": "item",
          "name": "minecraft:player_head",
          "weight": 1,
          "functions": [
            {
              "function": "set_nbt",
              "tag": "{SkullOwner:{Id:\"8b7ccd6d-36de-47e0-8d5a-6f6799c6feb8\",Name:\"Dolphin\",Properties:{textures:[{Value:\"eyJ0ZXh0dXJlcyI6eyJTS0lOIjp7InVybCI6Imh0dHA6Ly90ZXh0dXJlcy5taW5lY3JhZnQubmV0L3RleHR1cmUvOGU5Njg4Yjk1MGQ4ODBiNTViN2FhMmNmY2Q3NmU1YTBmYTk0YWFjNmQxNmY3OGU4MzNmNzQ0M2VhMjlmZWQzIn19fQ=\"}]}}}"
            },
            {
              "function": "set_count",
              "count": {
                "min": 1,
                "max": 1
              }
            }
          ]
        }
      ]
    }
  ]
}