{
    "pools": [{
        "rolls": 1,
        "entries": [{
            "type": "item",
            "name": "minecraft:rabbit_hide",
            "weight": 1,
            "functions": [{
                "function": "set_count",
                "count": {
                    "min": 0,
                    "max": 1
                }
            }, {
                "function": "looting_enchant",
                "count": {
                    "min": 0,
                    "max": 1
                }
            }]
        }]
    }, {
        "rolls": 1,
        "entries": [{
            "type": "item",
            "name": "minecraft:rabbit",
            "weight": 1,
            "functions": [{
                "function": "set_count",
                "count": {
                    "min": 0,
                    "max": 1
                }
            }, {
                "function": "furnace_smelt",
                "conditions": [{
                    "condition": "entity_properties",
                    "entity": "this",
                    "properties": {
                        "on_fire": true
                    }
                }]
            }, {
                "function": "looting_enchant",
                "count": {
                    "min": 0,
                    "max": 1
                }
            }]
        }]
    }, {
        "conditions": [{
            "condition": "killed_by_player"
        }, {
            "condition": "random_chance_with_looting",
            "chance": 0.1,
            "looting_multiplier": 0.03
        }],
        "rolls": 1,
        "entries": [{
            "type": "item",
            "name": "minecraft:rabbit_foot",
            "weight": 1
        }]
    }, {

        "conditions": [{
            "condition": "killed_by_player"
        }, {
            "condition": "random_chance_with_looting",
            "chance": 0.10,
            "looting_multiplier": 0.05
        }],
        "rolls": 1,
        "entries": [{
            "type": "item",
            "name": "minecraft:player_head",
            "weight": 1,
            "functions": [{
                "function": "set_nbt",
                "tag": "{SkullOwner:{Id:\"4e03f384-b31f-4803-8d74-801ecdf78869\",Name:\"Toast\",Properties:{textures:[{Value:\"eyJ0ZXh0dXJlcyI6eyJTS0lOIjp7InVybCI6Imh0dHA6Ly90ZXh0dXJlcy5taW5lY3JhZnQubmV0L3RleHR1cmUvMzJmYzNiNzQ2NjY1NDVmMmQ0MWJjMmI1MzQwZTFkZjY5ZGQyNWUyYTdlMmIzNGVmZDFhOTUzMTFhN2Q2YyJ9fX0=\"}]}}}"
            }]
        }]
    }]
}