{
    "pools": [{
        "rolls": 1,
        "entries": [{
            "type": "item",
            "name": "minecraft:rabbit_hide",
            "weight": 1,
            "functions": [{
                "function": "set_count",
                "count": {
                    "min": 0,
                    "max": 1
                }
            }, {
                "function": "looting_enchant",
                "count": {
                    "min": 0,
                    "max": 1
                }
            }]
        }]
    }, {
        "rolls": 1,
        "entries": [{
            "type": "item",
            "name": "minecraft:rabbit",
            "weight": 1,
            "functions": [{
                "function": "set_count",
                "count": {
                    "min": 0,
                    "max": 1
                }
            }, {
                "function": "furnace_smelt",
                "conditions": [{
                    "condition": "entity_properties",
                    "entity": "this",
                    "properties": {
                        "on_fire": true
                    }
                }]
            }, {
                "function": "looting_enchant",
                "count": {
                    "min": 0,
                    "max": 1
                }
            }]
        }]
    }, {
        "conditions": [{
            "condition": "killed_by_player"
        }, {
            "condition": "random_chance_with_looting",
            "chance": 0.1,
            "looting_multiplier": 0.03
        }],
        "rolls": 1,
        "entries": [{
            "type": "item",
            "name": "minecraft:rabbit_foot",
            "weight": 1
        }]
    }, {

        "conditions": [{
            "condition": "killed_by_player"
        }, {
            "condition": "random_chance_with_looting",
            "chance": 0.10,
            "looting_multiplier": 0.05
        }],
        "rolls": 1,
        "entries": [{
            "type": "item",
            "name": "minecraft:player_head",
            "weight": 1,
            "functions": [{
                "function": "set_nbt",
                "tag": "{SkullOwner:{Id:\"1288e126-41dd-4608-b304-86d84464d5e4\",Name:\"White Rabbit\",Properties:{textures:[{Value:\"eyJ0ZXh0dXJlcyI6eyJTS0lOIjp7InVybCI6Imh0dHA6Ly90ZXh0dXJlcy5taW5lY3JhZnQubmV0L3RleHR1cmUvOTU0MmQ3MTYwOTg3MTQ4YTVkOGUyMGU0NjliZDliM2MyYTM5NDZjN2ZiNTkyM2Y1NWI5YmVhZTk5MTg1ZiJ9fX0=\"}]}}}"
            }]
        }]
    }]
}