{
  "pools": [
    {
      "rolls": 1,
      "entries": [
        {
          "type": "item",
          "name": "minecraft:green_wool",
          "weight": 1
        }
      ]
    },
    {
      "rolls": 1,
      "entries": [
        {
          "type": "loot_table",
          "name": "minecraft:entities/sheep",
          "weight": 1
        }
      ]
    },
    {
      "conditions": [
        {
          "condition": "killed_by_player"
        },
        {
          "condition": "random_chance_with_looting",
          "chance": 0.005,
          "looting_multiplier": 0.013
        }
      ],
      "rolls": 1,
      "entries": [
        {
          "type": "item",
          "name": "minecraft:player_head",
          "weight": 1,
          "functions": [
            {
              "function": "set_nbt",
              "tag": "{SkullOwner:{Id:\"710d1cc5-d61c-415b-b4a6-658d1e5652e8\",Name:\"Green Sheep\",Properties:{textures:[{Value:\"eyJ0ZXh0dXJlcyI6eyJTS0lOIjp7InVybCI6Imh0dHA6Ly90ZXh0dXJlcy5taW5lY3JhZnQubmV0L3RleHR1cmUvYTAxNzIxNWM3ZjhkYjgyMDQwYWEyYzQ3Mjk4YjY2NTQxYzJlYjVmN2Y5MzA0MGE1ZDIzZDg4ZjA2ODdkNGIzNCJ9fX0=\"}]}}}"
            }
          ]
        }
      ]
    }
  ]
}