{
  "pools": [
    {
      "conditions": [
        {
          "condition": "killed_by_player"
        },
        {
          "condition": "random_chance_with_looting",
          "chance": 0.11,
          "looting_multiplier": 0.03
        }
      ],
      "rolls": 1,
      "entries": [
        {
          "type": "item",
          "name": "minecraft:player_head",
          "weight": 1,
          "functions": [
            {
              "function": "set_nbt",
              "tag": "{SkullOwner:{Id:\"1775ad8a-06ac-4d62-a21b-593dcfcd2192\",Name:\"Siamese Cat\",Properties:{textures:[{Value:\"eyJ0ZXh0dXJlcyI6eyJTS0lOIjp7InVybCI6Imh0dHA6Ly90ZXh0dXJlcy5taW5lY3JhZnQubmV0L3RleHR1cmUvYWI4ODFjMzliM2FmZGNjNzlmOTFmZTVkZTNjZGQwMTViYzMzNTM4NDNmNTkxZjRkMjNjZDMwMjdkZTRlNiJ9fX0=\"}]}}}"
            }
          ]
        }
      ]
    }
  ]
}