{
    "pools": [{
        "rolls": 1,
        "entries": [{
            "type": "item",
            "name": "minecraft:rabbit_hide",
            "weight": 1,
            "functions": [{
                "function": "set_count",
                "count": {
                    "min": 0,
                    "max": 1
                }
            }, {
                "function": "looting_enchant",
                "count": {
                    "min": 0,
                    "max": 1
                }
            }]
        }]
    }, {
        "rolls": 1,
        "entries": [{
            "type": "item",
            "name": "minecraft:rabbit",
            "weight": 1,
            "functions": [{
                "function": "set_count",
                "count": {
                    "min": 0,
                    "max": 1
                }
            }, {
                "function": "furnace_smelt",
                "conditions": [{
                    "condition": "entity_properties",
                    "entity": "this",
                    "properties": {
                        "on_fire": true
                    }
                }]
            }, {
                "function": "looting_enchant",
                "count": {
                    "min": 0,
                    "max": 1
                }
            }]
        }]
    }, {
        "conditions": [{
            "condition": "killed_by_player"
        }, {
            "condition": "random_chance_with_looting",
            "chance": 0.1,
            "looting_multiplier": 0.03
        }],
        "rolls": 1,
        "entries": [{
            "type": "item",
            "name": "minecraft:rabbit_foot",
            "weight": 1
        }]
    }, {

        "conditions": [{
            "condition": "killed_by_player"
        }, {
            "condition": "random_chance_with_looting",
            "chance": 0.10,
            "looting_multiplier": 0.05
        }],
        "rolls": 1,
        "entries": [{
            "type": "item",
            "name": "minecraft:player_head",
            "weight": 1,
            "functions": [{
                "function": "set_nbt",
                "tag": "{SkullOwner:{Id:\"6bafd710-5fa3-4f4d-99cf-ad47fa436e3f\",Name:\"Black and White Rabbit\",Properties:{textures:[{Value:\"eyJ0ZXh0dXJlcyI6eyJTS0lOIjp7InVybCI6Imh0dHA6Ly90ZXh0dXJlcy5taW5lY3JhZnQubmV0L3RleHR1cmUvY2I4Y2ZmNGIxNWI4Y2EzN2UyNTc1MGYzNDU3MThmMjg5Y2IyMmM1YjNhZDIyNjI3YTcxMjIzZmFjY2MifX19\"}]}}}"
            }]
        }]
    }]
}