{
    "pools": [{
        "rolls": 1,
        "entries": [{
            "type": "item",
            "name": "minecraft:lily_pad",
            "weight": 1
        }, {
            "type": "item",
            "name": "minecraft:name_tag",
            "weight": 1
        }, {
            "type": "item",
            "name": "minecraft:saddle",
            "weight": 1
        }, {
            "type": "item",
            "name": "minecraft:bow",
            "weight": 1,
            "functions": [{
                "function": "set_damage",
                "damage": {
                    "min": 0,
                    "max": 0.25
                }
            }, {
                "function": "enchant_with_levels",
                "levels": 30,
                "treasure": true
            }]
        }, {
            "type": "item",
            "name": "minecraft:fishing_rod",
            "weight": 1,
            "functions": [{
                "function": "set_damage",
                "damage": {
                    "min": 0,
                    "max": 0.25
                }
            }, {
                "function": "enchant_with_levels",
                "levels": 30,
                "treasure": true
            }]
        }, {
            "type": "item",
            "name": "minecraft:book",
            "weight": 1,
            "functions": [{
                "function": "enchant_with_levels",
                "levels": 30,
                "treasure": true
            }]
        }, {
            "type": "item",
            "name": "minecraft:nautilus_shell",
            "weight": 1
        }]
    }, {
        "rolls": 1,
        "entries": [{
            "type": "item",
            "name": "minecraft:player_head",
            "weight": 40,
            "functions": [{
                "function": "set_nbt",
                "tag": "{SkullOwner:{Id:\"d6d4c744-06b4-4a8a-bc7a-bdb0770bb1cf\",Properties:{textures:[{Value:\"eyJ0ZXh0dXJlcyI6eyJTS0lOIjp7InVybCI6Imh0dHA6Ly90ZXh0dXJlcy5taW5lY3JhZnQubmV0L3RleHR1cmUvNzg5MmQ3ZGQ2YWFkZjM1Zjg2ZGEyN2ZiNjNkYTRlZGRhMjExZGY5NmQyODI5ZjY5MTQ2MmE0ZmIxY2FiMCJ9fX0=\"}]}}}"
            }, {
                "function": "set_name",
                "name": "Cod Head"
            }]
        }, {
            "type": "item",
            "name": "minecraft:player_head",
            "weight": 30,
            "functions": [{
                "function": "set_nbt",
                "tag": "{SkullOwner:{Id:\"e246c06c-5d6a-4fd9-b600-c6bd71336b7a\",Properties:{textures:[{Value:\"eyJ0ZXh0dXJlcyI6eyJTS0lOIjp7InVybCI6Imh0dHA6Ly90ZXh0dXJlcy5taW5lY3JhZnQubmV0L3RleHR1cmUvYWRmYzU3ZDA5MDU5ZTQ3OTlmYTkyYzE1ZTI4NTEyYmNmYWExMzE1NTc3ZmUzYTI3YWVkMzg5ZTRmNzUyMjg5YSJ9fX0=\"}]}}}"
            }, {
                "function": "set_name",
                "name": "Salmon Head"
            }]
        }, {
            "type": "item",
            "name": "minecraft:player_head",
            "weight": 10,
            "functions": [{
                "function": "set_nbt",
                "tag": "{SkullOwner:{Id:\"7b314fba-09ab-4ab6-b956-cec6a5fcbed5\",Properties:{textures:[{Value:\"eyJ0ZXh0dXJlcyI6eyJTS0lOIjp7InVybCI6Imh0dHA6Ly90ZXh0dXJlcy5taW5lY3JhZnQubmV0L3RleHR1cmUvMzZkMTQ5ZTRkNDk5OTI5NjcyZTI3Njg5NDllNjQ3Nzk1OWMyMWU2NTI1NDYxM2IzMjdiNTM4ZGYxZTRkZiJ9fX0=\"}]}}}"
            }, {
                "function": "set_name",
                "name": "Tropical Fish Head"
            }]
        }, {
            "type": "item",
            "name": "minecraft:player_head",
            "weight": 20,
            "functions": [{
                "function": "set_nbt",
                "tag": "{SkullOwner:{Id:\"b4630012-0e65-4a3d-bfd6-5024b782ab69\",Properties:{textures:[{Value:\"eyJ0ZXh0dXJlcyI6eyJTS0lOIjp7InVybCI6Imh0dHA6Ly90ZXh0dXJlcy5taW5lY3JhZnQubmV0L3RleHR1cmUvYTk1NTkzODg5OTNmZTc4MmY2N2JkNThkOThjNGRmNTZiY2Q0MzBlZGNiMmY2NmVmNTc3N2E3M2MyN2RlMyJ9fX0=\"}]}}}"
            }, {
                "function": "set_name",
                "name": "Pufferfish Head"
            }]
        }]
    }]
}