{
  "pools": [
    {
      "conditions": [
        {
          "condition": "killed_by_player"
        },
        {
          "condition": "random_chance_with_looting",
          "chance": 0.01,
          "looting_multiplier": 0.013
        }
      ],
      "rolls": 1,
      "entries": [
        {
          "type": "item",
          "name": "minecraft:player_head",
          "weight": 1,
          "functions": [
            {
              "function": "set_nbt",
              "tag": "{SkullOwner:{Id:\"e2d4c388-42d5-4a96-b4c9-623df7f5e026\",Name:\"Bat\",Properties:{textures:[{Value:\"eyJ0ZXh0dXJlcyI6eyJTS0lOIjp7InVybCI6Imh0dHA6Ly90ZXh0dXJlcy5taW5lY3JhZnQubmV0L3RleHR1cmUvNGNmMWIzYjNmNTM5ZDJmNjNjMTcyZTk0Y2FjZmFhMzkxZThiMzg1Y2RkNjMzZjNiOTkxYzc0ZTQ0YjI4In19fQ==\"}]}}}"
            }
          ]
        }
      ]
    }
  ]
}