{
  "pools": [
    {
      "conditions": [
        {
          "condition": "killed_by_player"
        }
      ],
      "rolls": 1,
      "entries": [
        {
          "type": "item",
          "name": "minecraft:player_head",
          "weight": 1,
          "functions": [
            {
              "function": "set_nbt",
              "tag": "{SkullOwner:{Id:\"3ac775c2-c701-4ccd-bec2-5cc7a5c0bb7a\",Name:\"Blue Parrot\",Properties:{textures:[{Value:\"eyJ0ZXh0dXJlcyI6eyJTS0lOIjp7InVybCI6Imh0dHA6Ly90ZXh0dXJlcy5taW5lY3JhZnQubmV0L3RleHR1cmUvYWNhNTgwYjA1MWM2M2JlMjlkYTU0NWE5YWE3ZmY3ZTEzNmRmNzdhODFjNjdkYzFlZTllNjE3MGMxNGZiMzEwIn19fQ==\"}]}}}"
            }
          ]
        }
      ]
    }
  ]
}