{
  "pools": [
    {
      "conditions": [
        {
          "condition": "killed_by_player"
        }
      ],
      "rolls": 1,
      "entries": [
        {
          "type": "item",
          "name": "minecraft:player_head",
          "weight": 1,
          "functions": [
            {
              "function": "set_nbt",
              "tag": "{SkullOwner:{Id:\"2a8680dd-7875-4c83-810a-5b866a3d4433\",Name:\"Gray Parrot\",Properties:{textures:[{Value:\"eyJ0ZXh0dXJlcyI6eyJTS0lOIjp7InVybCI6Imh0dHA6Ly90ZXh0dXJlcy5taW5lY3JhZnQubmV0L3RleHR1cmUvM2Q2ZjRhMjFlMGQ2MmFmODI0Zjg3MDhhYzYzNDEwZjFhMDFiYmI0MWQ3ZjRhNzAyZDk0NjljNjExMzIyMiJ9fX0=\"}]}}}"
            }
          ]
        }
      ]
    }
  ]
}