{
  "pools": [
    {
      "rolls": 1,
      "entries": [
        {
          "type": "item",
          "name": "minecraft:yellow_wool",
          "weight": 1
        }
      ]
    },
    {
      "rolls": 1,
      "entries": [
        {
          "type": "loot_table",
          "name": "minecraft:entities/sheep",
          "weight": 1
        }
      ]
    },
    {
      "conditions": [
        {
          "condition": "killed_by_player"
        },
        {
          "condition": "random_chance_with_looting",
          "chance": 0.005,
          "looting_multiplier": 0.008
        }
      ],
      "rolls": 1,
      "entries": [
        {
          "type": "item",
          "name": "minecraft:player_head",
          "weight": 1,
          "functions": [
            {
              "function": "set_nbt",
              "tag": "{SkullOwner:{Id:\"f4b4f889-4cdb-458e-8c86-50d91c4c1c89\",Name:\"Yellow Sheep\",Properties:{textures:[{Value:\"eyJ0ZXh0dXJlcyI6eyJTS0lOIjp7InVybCI6Imh0dHA6Ly90ZXh0dXJlcy5taW5lY3JhZnQubmV0L3RleHR1cmUvMjZhNDExMmRmMWU0YmNlMmE1ZTI4NDE3ZjNhYWZmNzljZDY2ZTg4NWMzNzI0NTU0MTAyY2VmOGViOCJ9fX0=\"}]}}}"
            }
          ]
        }
      ]
    }
  ]
}