{
  "pools": [
    {
      "conditions": [
        {
          "condition": "killed_by_player"
        }
      ],
      "rolls": 1,
      "entries": [
        {
          "type": "item",
          "name": "minecraft:player_head",
          "weight": 1,
          "functions": [
            {
              "function": "set_nbt",
              "tag": "{SkullOwner:{Id:\"b95a9198-cf0b-4cfa-bf6d-2f172dc6ee65\",Name:\"Green Parrot\",Properties:{textures:[{Value:\"eyJ0ZXh0dXJlcyI6eyJTS0lOIjp7InVybCI6Imh0dHA6Ly90ZXh0dXJlcy5taW5lY3JhZnQubmV0L3RleHR1cmUvYWI5YTM2YzU1ODlmM2EyZTU5YzFjYWE5YjNiODhmYWRhNzY3MzJiZGI0YTc5MjYzODhhOGMwODhiYmJjYiJ9fX0=\"}]}}}"
            }
          ]
        }
      ]
    }
  ]
}