{
  "pools": [
    {
      "conditions": [
        {
          "condition": "killed_by_player"
        },
        {
          "condition": "random_chance_with_looting",
          "chance": 0.01,
          "looting_multiplier": 0.018
        }
      ],
      "rolls": 1,
      "entries": [
        {
          "type": "item",
          "name": "minecraft:player_head",
          "weight": 1,
          "functions": [
            {
              "function": "set_nbt",
              "tag": "{SkullOwner:{Id:\"f83bcfc1-0213-4957-888e-d3e2fae71203\",Name:\"Vex\",Properties:{textures:[{Value:\"eyJ0ZXh0dXJlcyI6eyJTS0lOIjp7InVybCI6Imh0dHA6Ly90ZXh0dXJlcy5taW5lY3JhZnQubmV0L3RleHR1cmUvNWU3MzMwYzdkNWNkOGEwYTU1YWI5ZTk1MzIxNTM1YWM3YWUzMGZlODM3YzM3ZWE5ZTUzYmVhN2JhMmRlODZiIn19fQ==\"}]}}}"
            }
          ]
        }
      ]
    }
  ]
}