{
  "pools": [
    {
      "conditions": [
        {
          "condition": "killed_by_player"
        },
        {
          "condition": "random_chance_with_looting",
          "chance": 0.01,
          "looting_multiplier": 0.018
        }
      ],
      "rolls": 1,
      "entries": [
        {
          "type": "item",
          "name": "minecraft:player_head",
          "weight": 1,
          "functions": [
            {
              "function": "set_nbt",
              "tag": "{SkullOwner:{Id:\"0a9e8efb-9191-4c81-80f5-e27ca5433156\",Name:\"Villager\",Properties:{textures:[{Value:\"eyJ0ZXh0dXJlcyI6eyJTS0lOIjp7InVybCI6Imh0dHA6Ly90ZXh0dXJlcy5taW5lY3JhZnQubmV0L3RleHR1cmUvODIyZDhlNzUxYzhmMmZkNGM4OTQyYzQ0YmRiMmY1Y2E0ZDhhZThlNTc1ZWQzZWIzNGMxOGE4NmU5M2IifX19\"}]}}}"
            }
          ]
        }
      ]
    }
  ]
}