{
  "pools": [
    {
      "conditions": [
        {
          "condition": "killed_by_player"
        },
        {
          "condition": "random_chance_with_looting",
          "chance": 0.05,
          "looting_multiplier": 0.015
        }
      ],
      "rolls": 1,
      "entries": [
        {
          "type": "item",
          "name": "minecraft:player_head",
          "weight": 1,
          "functions": [
            {
              "function": "set_nbt",
              "tag": "{SkullOwner:{Id:\"4b386bcf-a8e6-4461-b738-d5427bae49ad\",Name:\"Ginger Cat\",Properties:{textures:[{Value:\"eyJ0ZXh0dXJlcyI6eyJTS0lOIjp7InVybCI6Imh0dHA6Ly90ZXh0dXJlcy5taW5lY3JhZnQubmV0L3RleHR1cmUvYTc1NWU3ZGYwNGQxOGIzMWQ2M2MxN2Y0YTdiNGM3MzkyNGJkNjI2NWRhNjllMTEzZWRkZDk3NTE2ZmM3In19fQ==\"}]}}}"
            }
          ]
        }
      ]
    }
  ]
}