{
  "pools": [
    {
      "conditions": [
        {
          "condition": "killed_by_player"
        },
        {
          "condition": "random_chance_with_looting",
          "chance": 0.05,
          "looting_multiplier": 0.015
        }
      ],
      "rolls": 1,
      "entries": [
        {
          "type": "item",
          "name": "minecraft:player_head",
          "weight": 1,
          "functions": [
            {
              "function": "set_nbt",
              "tag": "{SkullOwner:{Id:\"82cf1e27-3b94-4f81-9f4a-d79f4b4b0a2a\",Name:\"Tuxedo Cat\",Properties:{textures:[{Value:\"eyJ0ZXh0dXJlcyI6eyJTS0lOIjp7InVybCI6Imh0dHA6Ly90ZXh0dXJlcy5taW5lY3JhZnQubmV0L3RleHR1cmUvZjJhNjYyZjJhZTdkZWJlZTY1MjkyYzJiZjQyZmJiMDliOTdiMmZmYmRiMjcwNTIwYzJkYjk2ZTUxZDg5NDUifX19\"}]}}}"
            }
          ]
        }
      ]
    }
  ]
}